id,motif,probability,motif_index
3,176,0.7881708145141602,1
3,175,0.13501867651939392,2
3,183,0.04334486648440361,3
3,121,0.020006662234663963,4
3,156,0.01167286466807127,5
8,197,0.6143237948417664,1
8,138,0.3255953788757324,2
8,81,0.0491555854678154,3
8,64,0.0092313252389431,4
9,117,0.9841354489326477,1
9,64,0.012412335723638535,2
11,138,0.6674144864082336,1
11,197,0.2936675250530243,2
11,64,0.02969425916671753,3
11,188,0.005945500917732716,4
14,81,0.6055700778961182,1
14,68,0.3171008229255676,2
14,94,0.0330372080206871,3
14,197,0.02643231861293316,4
14,162,0.008815479464828968,5
14,100,0.006672728806734085,6
15,67,0.4140959084033966,1
15,18,0.3121839165687561,2
15,9,0.2552545964717865,3
15,22,0.008266604505479336,4
15,178,0.008266263641417027,5
17,121,0.4422834515571594,1
17,141,0.33325454592704773,2
17,64,0.0802478939294815,3
17,175,0.06382787972688675,4
17,198,0.04938077926635742,5
17,23,0.012355240061879158,6
17,18,0.010302572511136532,7
17,8,0.006181466858834028,8
18,34,0.6160367131233215,1
18,67,0.3388238847255707,2
18,64,0.04203188046813011,3
20,18,0.4497445225715637,1
20,106,0.2826952040195465,2
20,67,0.12079211324453354,3
20,121,0.08739163726568222,4
20,162,0.023137245327234268,5
20,100,0.012927033007144928,6
20,175,0.010352744720876217,7
20,141,0.010290946811437607,8
21,115,0.873536229133606,1
21,67,0.061426203697919846,2
21,64,0.03755282610654831,3
21,96,0.025599265471100807,4
22,81,0.9012408256530762,1
22,99,0.050787411630153656,2
22,197,0.012704872526228428,3
22,100,0.006442693527787924,4
22,175,0.006437208503484726,5
22,165,0.006391316186636686,6
22,168,0.006365316919982433,7
22,138,0.006360560189932585,8
23,145,0.6637395620346069,1
23,19,0.1340312510728836,2
23,121,0.06276436895132065,3
23,175,0.04045037180185318,4
23,78,0.028749406337738037,5
23,18,0.02340996451675892,6
23,64,0.022348837926983833,7
23,132,0.012772814370691776,8
23,183,0.010650125332176685,9
24,106,0.6576606631278992,1
24,18,0.22070646286010742,2
24,51,0.041938792914152145,3
24,64,0.03974762558937073,4
24,94,0.03752387687563896,5
25,198,0.7823672294616699,1
25,95,0.18830323219299316,2
25,64,0.009296530857682228,3
25,141,0.00928820576518774,4
25,106,0.007962489500641823,5
26,22,0.7687343955039978,1
26,34,0.10755059868097305,2
26,44,0.06374099105596542,3
26,67,0.04979531466960907,4
26,100,0.006034862250089645,5
26,132,0.002007625764235854,6
27,81,0.8699023127555847,1
27,188,0.051943134516477585,2
27,117,0.03246314078569412,3
27,86,0.02381438948214054,4
27,64,0.01949843019247055,5
28,106,0.4031909704208374,1
28,18,0.3018151521682739,2
28,148,0.23578403890132904,3
28,64,0.042465388774871826,4
28,91,0.011799314059317112,5
28,175,0.0024250843562185764,6
30,132,0.5480887293815613,1
30,188,0.3481404483318329,2
30,64,0.10117126256227493,3
31,68,0.7275886535644531,1
31,138,0.1972077190876007,2
31,81,0.07141982764005661,3
32,141,0.3634004294872284,1
32,51,0.258812814950943,2
32,148,0.17726939916610718,3
32,198,0.10282304137945175,4
32,18,0.05673951655626297,5
32,106,0.039006613194942474,6
33,99,0.5715628862380981,1
33,94,0.30664926767349243,2
33,86,0.056257862597703934,3
33,197,0.048997048288583755,4
33,64,0.014535230584442616,5
38,99,0.9744735360145569,1
38,100,0.01950928196310997,2
38,175,0.003945604432374239,3
42,132,0.8303207755088806,1
42,67,0.165285125374794,2
43,91,0.9287688136100769,1
43,4,0.06336192786693573,2
44,132,0.6413425803184509,1
44,69,0.20776541531085968,2
44,175,0.057292740792036057,3
44,183,0.057244379073381424,4
44,100,0.015145574696362019,5
44,64,0.009065103717148304,6
44,162,0.009042767807841301,7
46,163,0.37821313738822937,1
46,84,0.3515535593032837,2
46,138,0.15128600597381592,3
46,129,0.08572801947593689,4
46,170,0.03243369609117508,5
47,129,0.8245627880096436,1
47,68,0.1157897338271141,2
47,100,0.04855092242360115,3
47,118,0.004701137077063322,4
47,47,0.00313634448684752,5
48,119,0.4345519244670868,1
48,86,0.4265095889568329,2
48,132,0.06338022649288177,3
48,68,0.03420534357428551,4
48,81,0.02616020292043686,5
48,138,0.007045763544738293,6
48,56,0.00603889673948288,7
49,170,0.7568496465682983,1
49,81,0.09487677365541458,2
49,56,0.0756862685084343,3
49,84,0.05862895026803017,4
49,58,0.01279551163315773,5
50,86,0.5076214671134949,1
50,56,0.42360833287239075,2
50,94,0.052066802978515625,3
50,81,0.014206835068762302,4
52,86,0.7541936039924622,1
52,132,0.12552785873413086,2
52,81,0.09548748284578323,3
52,99,0.015024279244244099,4
52,134,0.008585033006966114,5
54,129,0.8092438578605652,1
54,94,0.06620392203330994,2
54,84,0.06620203703641891,3
54,138,0.03196379914879799,4
54,163,0.014847610145807266,5
54,81,0.005714459344744682,6
54,64,0.004577843006700277,7
55,86,0.5088921785354614,1
55,188,0.3397616147994995,2
55,118,0.08831331133842468,3
55,73,0.05238879472017288,4
55,193,0.008986493572592735,5
56,99,0.510016679763794,1
56,162,0.36087846755981445,2
56,68,0.05892622098326683,3
56,86,0.022103991359472275,4
56,197,0.02210097387433052,5
56,100,0.014785225503146648,6
56,64,0.009225770831108093,7
57,141,0.741832971572876,1
57,17,0.2147548347711563,2
57,112,0.015642764046788216,3
57,96,0.01173027791082859,4
57,151,0.003935313783586025,5
57,122,0.0039220647886395454,6
57,115,0.003921564668416977,7
58,99,0.8657045960426331,1
58,100,0.05418380722403526,2
58,175,0.0541793555021286,3
58,165,0.023224489763379097,4
59,4,0.4953210651874542,1
59,164,0.37824973464012146,2
59,199,0.12308546155691147,3
60,134,0.5262807011604309,1
60,132,0.3954242467880249,2
60,99,0.0640566349029541,3
60,166,0.011157183907926083,4
61,126,0.9203661680221558,1
61,9,0.054158616811037064,2
61,112,0.020849497988820076,3
62,69,0.861672580242157,1
62,175,0.10970720648765564,2
62,100,0.024255214259028435,3
62,165,0.002868542680516839,4
64,163,0.5556097626686096,1
64,169,0.4273858070373535,2
64,118,0.0067533887922763824,3
64,100,0.0045328387059271336,4
64,165,0.004514629486948252,5
65,199,0.9568697214126587,1
65,92,0.03203409165143967,2
65,183,0.007158599328249693,3
66,18,0.5107451677322388,1
66,28,0.3738221228122711,2
66,106,0.04999634623527527,3
66,141,0.04782251641154289,4
66,121,0.015227416530251503,5
67,138,0.6788985133171082,1
67,175,0.15176382660865784,2
67,112,0.15170913934707642,3
67,165,0.014955633319914341,4
68,187,0.7954741716384888,1
68,51,0.09341847896575928,2
68,18,0.08320830017328262,3
68,198,0.02482074871659279,4
69,132,0.3714722692966461,1
69,97,0.3340633809566498,2
69,64,0.2917040288448334,3
70,51,0.8981466889381409,1
70,187,0.0468643456697464,2
70,100,0.03912825882434845,3
70,118,0.010425237938761711,4
70,132,0.002624346176162362,5
72,95,0.5165879130363464,1
72,148,0.2876138985157013,2
72,198,0.08657620847225189,3
72,187,0.050266679376363754,4
72,96,0.03351997956633568,5
72,64,0.022368451580405235,6
73,85,0.996867835521698,1
74,73,0.9732344150543213,1
74,188,0.014163855463266373,2
74,193,0.01062436681240797,3
76,39,0.8774475455284119,1
76,193,0.12014742940664291,2
77,96,0.8034674525260925,1
77,34,0.08249771595001221,2
77,64,0.07920892536640167,3
77,198,0.016507064923644066,4
77,106,0.013206343166530132,5
77,95,0.003307596081867814,6
78,18,0.5180878043174744,1
78,9,0.4454871714115143,2
78,166,0.03520609810948372,3
79,2,0.6556708812713623,1
79,58,0.18152828514575958,2
79,86,0.06448116898536682,3
79,73,0.043647654354572296,4
79,56,0.03769702464342117,5
79,64,0.013897811062633991,6
80,58,0.4867890775203705,1
80,163,0.46057257056236267,2
80,56,0.04917561262845993,3
82,47,0.3687518239021301,1
82,39,0.36086171865463257,2
82,132,0.2642488181591034,3
82,100,0.002031587762758136,4
83,9,0.7240935564041138,1
83,64,0.24527870118618011,2
83,117,0.028033969923853874,3
84,96,0.6985125541687012,1
84,4,0.1736804097890854,2
84,64,0.10423703491687775,3
84,115,0.019312525168061256,4
86,190,0.7303925156593323,1
86,97,0.26757314801216125,2
87,180,0.9617936611175537,1
87,136,0.021335897967219353,2
87,18,0.01423352025449276,3
88,193,0.6462497115135193,1
88,51,0.344814270734787,2
88,118,0.0065158214420080185,3
89,30,0.3574589490890503,1
89,95,0.35564273595809937,2
89,132,0.21230639517307281,3
89,51,0.030852442607283592,4
89,18,0.0199742428958416,5
89,47,0.016338346526026726,6
89,100,0.0054983114823699,7
90,63,0.7239754796028137,1
90,56,0.20992796123027802,2
90,86,0.04441400244832039,3
90,58,0.017498768866062164,4
90,97,0.0026944519486278296,5
91,63,0.6279004216194153,1
91,97,0.32360830903053284,2
91,100,0.038688093423843384,3
91,81,0.008060491643846035,4
92,51,0.9947717785835266,1
93,198,0.6541985273361206,1
93,187,0.19958651065826416,2
93,95,0.14415216445922852,3
94,73,0.58841472864151,1
94,192,0.36797425150871277,2
94,64,0.015640225261449814,3
94,100,0.013938344083726406,4
94,132,0.012164104729890823,5
95,63,0.8393407464027405,1
95,193,0.11182864755392075,2
95,64,0.027641089633107185,3
95,188,0.017108159139752388,4
95,117,0.002633948577567935,5
96,95,0.5951762795448303,1
96,118,0.3890584111213684,2
96,193,0.012892979197204113,3
97,34,0.919265866279602,1
97,178,0.05896903574466705,2
97,40,0.008059504441916943,3
97,183,0.0027135047130286694,4
97,29,0.00270049343816936,5
97,38,0.002700331388041377,6
97,62,0.0026910859160125256,7
98,92,0.4354439377784729,1
98,19,0.43100276589393616,2
98,20,0.07776760309934616,3
98,175,0.048938360065221786,4
98,78,0.00450567901134491,5
99,92,0.6934623718261719,1
99,177,0.13972042500972748,2
99,199,0.09762749075889587,3
99,19,0.050505220890045166,4
99,18,0.015162333846092224,5
100,183,0.5994731187820435,1
100,100,0.20717862248420715,2
100,188,0.13543227314949036,3
100,147,0.02789219841361046,4
100,176,0.019922593608498573,5
100,175,0.008022942580282688,6
101,19,0.7355937361717224,1
101,183,0.12397675961256027,2
101,140,0.07519309222698212,3
101,198,0.058938682079315186,4
101,78,0.002089158399030566,5
101,33,0.0020461587700992823,6
102,199,0.3920854926109314,1
102,100,0.2701184153556824,2
102,177,0.2077537626028061,3
102,165,0.11947724968194962,4
102,111,0.005205455701798201,5
102,54,0.002627275651320815,6
103,177,0.5739573240280151,1
103,100,0.19677898287773132,2
103,147,0.11857207119464874,3
103,6,0.07276128977537155,4
103,66,0.03234883397817612,5
103,18,0.0027170460671186447,6
104,177,0.9753862023353577,1
104,6,0.02076510526239872,2
105,18,0.6397262811660767,1
105,166,0.32057303190231323,2
105,112,0.02260402962565422,3
105,79,0.015537252649664879,4
106,166,0.47848308086395264,1
106,71,0.2178308069705963,2
106,91,0.15453366935253143,3
106,47,0.0707550123333931,4
106,175,0.054043959826231,5
106,18,0.022356614470481873,6
107,38,0.4216066002845764,1
107,39,0.23747459053993225,2
107,111,0.1462753564119339,3
107,87,0.08433368057012558,4
107,92,0.03442559763789177,5
107,0,0.02925916388630867,6
107,100,0.01381841953843832,7
107,165,0.012069768272340298,8
107,62,0.012052621692419052,9
107,130,0.005170868709683418,10
108,165,0.4953186511993408,1
108,81,0.4077167510986328,2
108,147,0.0573960579931736,3
108,132,0.024184230715036392,4
108,94,0.012089375406503677,5
109,165,0.36198705434799194,1
109,49,0.2485230416059494,2
109,81,0.18909361958503723,3
109,54,0.07568714022636414,4
109,68,0.059442561119794846,5
109,99,0.04323786869645119,6
109,71,0.01622178964316845,7
110,17,0.6148147583007812,1
110,54,0.2956197261810303,2
110,100,0.06089746206998825,3
110,6,0.013667114078998566,4
110,92,0.00870133563876152,5
110,78,0.005003095604479313,6
111,26,0.9341621398925781,1
111,150,0.04229714721441269,2
111,198,0.01924203522503376,3
112,6,0.31881847977638245,1
112,80,0.3053128123283386,2
112,92,0.21615657210350037,3
112,100,0.09194181114435196,4
112,54,0.04055846109986305,5
112,150,0.024323154240846634,6
115,156,0.5062942504882812,1
115,175,0.15496589243412018,2
115,183,0.11341521888971329,3
115,121,0.1134057566523552,4
115,78,0.0719151720404625,5
115,24,0.02876150608062744,6
115,176,0.009588608518242836,7
116,19,0.4706978499889374,1
116,66,0.2731451690196991,2
116,183,0.14260168373584747,3
116,198,0.06528697162866592,4
116,175,0.03268788754940033,5
116,78,0.006919666193425655,6
116,165,0.006895532365888357,7
117,1,0.8459291458129883,1
117,165,0.09482993185520172,2
117,138,0.02709471993148327,3
117,54,0.0234098918735981,4
117,175,0.0037291483022272587,5
117,78,0.003728639567270875,6
118,44,0.9448942542076111,1
118,123,0.050414569675922394,2
119,26,0.9180892109870911,1
119,166,0.07992291450500488,2
121,22,0.672538697719574,1
121,44,0.3090147376060486,2
121,100,0.013701173476874828,3
121,183,0.002300432650372386,4
122,52,0.7437095642089844,1
122,16,0.2404351532459259,2
122,155,0.007559254299849272,3
123,121,0.9970946311950684,1
125,1,0.3712870180606842,1
125,165,0.24763087928295135,2
125,123,0.15031717717647552,3
125,54,0.09733929485082626,4
125,100,0.062144216150045395,5
125,92,0.044247888028621674,6
125,151,0.017749261111021042,7
126,132,0.653878927230835,1
126,21,0.2181999236345291,2
126,185,0.09357910603284836,3
127,66,0.7267751097679138,1
127,53,0.27016007900238037,2
128,69,0.45016926527023315,1
128,28,0.36293119192123413,2
128,183,0.09598631411790848,3
128,175,0.07856623828411102,4
128,78,0.007028327789157629,5
128,128,0.0034949106629937887,6
130,115,0.9264469742774963,1
130,165,0.07129313051700592,2
134,21,0.48607951402664185,1
134,60,0.22929953038692474,2
134,16,0.11007526516914368,3
134,50,0.07033209502696991,4
134,36,0.05503976717591286,5
134,65,0.045867010951042175,6
135,62,0.5205663442611694,1
135,175,0.2907067537307739,2
135,132,0.09902673959732056,3
135,95,0.06388697773218155,4
135,164,0.015986209735274315,5
135,100,0.0032902664970606565,6
135,173,0.0032617414835840464,7
136,130,0.8910240530967712,1
136,100,0.10548476129770279,2
137,60,0.7561376094818115,1
137,21,0.16601142287254333,2
137,45,0.07378597557544708,3
139,133,0.9960033893585205,1
140,16,0.3343338072299957,1
140,133,0.33097773790359497,2
140,21,0.2507632374763489,3
140,50,0.06688641756772995,4
140,144,0.013394152745604515,5
141,60,0.29768410325050354,1
141,21,0.2894727885723114,2
141,16,0.2340424805879593,3
141,107,0.11085877567529678,4
141,137,0.06570490449666977,5
142,21,0.4047783613204956,1
142,159,0.3015408515930176,2
142,16,0.15214459598064423,3
142,60,0.09510374814271927,4
142,50,0.024468712508678436,5
142,65,0.01902705989778042,6
143,98,0.7237125635147095,1
143,144,0.17233715951442719,2
143,156,0.09848558157682419,3
144,152,0.9385225176811218,1
144,50,0.02276291884481907,2
144,60,0.0152154341340065,3
144,16,0.015202987007796764,4
145,176,0.7595984935760498,1
145,175,0.18245986104011536,2
145,183,0.036969371140003204,3
145,121,0.01386786624789238,4
145,28,0.0046318224631249905,5
147,130,0.9600043892860413,1
147,100,0.026526110246777534,2
147,63,0.00530717009678483,3
147,52,0.0026680510491132736,4
147,155,0.002661401405930519,5
148,159,0.43282777070999146,1
148,21,0.2763178050518036,2
148,50,0.23159407079219818,3
148,60,0.03994450718164444,4
148,144,0.012787427753210068,5
148,75,0.0032017037738114595,6
149,152,0.9902463555335999,1
153,27,0.27812647819519043,1
153,194,0.18003857135772705,2
153,116,0.14728650450706482,3
153,7,0.081940658390522,4
153,100,0.06593131273984909,5
153,52,0.0655810683965683,6
153,33,0.06555009633302689,7
153,185,0.049184128642082214,8
153,49,0.032859910279512405,9
153,36,0.016441989690065384,10
154,123,0.5935459136962891,1
154,21,0.11893199384212494,2
154,100,0.09566647559404373,3
154,52,0.0714213103055954,4
154,60,0.04772055894136429,5
154,168,0.04761377349495888,6
155,36,0.515267014503479,1
155,21,0.4378069341182709,2
155,100,0.03498365730047226,3
155,38,0.007777410093694925,4
156,54,0.9185956120491028,1
156,116,0.06828956305980682,2
156,175,0.006383400876075029,3
157,159,0.48937585949897766,1
157,50,0.23734694719314575,2
157,21,0.21845033764839172,3
157,52,0.03572327271103859,4
157,144,0.016815992072224617,5
158,159,0.7192342877388,1
158,21,0.1958291232585907,2
158,52,0.048969071358442307,3
158,196,0.03389348089694977,4
165,52,0.9761192202568054,1
165,143,0.02013292908668518,2
166,159,0.44255292415618896,1
166,100,0.36973336338996887,2
166,36,0.11077218502759933,3
166,60,0.037244763225317,4
167,144,0.9927830100059509,1
167,89,0.005268055014312267,2
168,52,0.981324315071106,1
168,144,0.014615674503147602,2
169,52,0.7260586619377136,1
169,143,0.19506001472473145,2
169,174,0.05149861425161362,3
169,133,0.016267625615000725,4
169,21,0.008155468851327896,5
170,143,0.45216625928878784,1
170,52,0.31943535804748535,2
170,196,0.17008288204669952,3
170,174,0.03735436499118805,4
170,133,0.010380725376307964,5
170,21,0.00831814669072628,6
171,196,0.38790905475616455,1
171,52,0.3651979863643646,2
171,50,0.20451520383358002,3
171,98,0.04058663547039032,4
173,143,0.9233694672584534,1
173,52,0.07492239028215408,2
174,52,0.5632312893867493,1
174,16,0.2487718164920807,2
174,75,0.1854010969400406,3
175,54,0.6919592618942261,1
175,45,0.2623158097267151,2
175,21,0.04074743390083313,3
176,91,0.5381119251251221,1
176,183,0.39743566513061523,2
176,39,0.022223180159926414,3
176,172,0.019756829366087914,4
176,181,0.009883170016109943,5
176,175,0.00500717107206583,6
176,121,0.0024845630396157503,7
176,23,0.0024837388191372156,8
180,144,0.6120303273200989,1
180,52,0.220495343208313,2
180,50,0.10265103727579117,3
180,196,0.062725730240345,4
181,98,0.42257043719291687,1
181,144,0.3616265654563904,2
181,16,0.20318153500556946,3
181,183,0.008176568895578384,4
183,54,0.4422275722026825,1
183,44,0.2958509922027588,2
183,123,0.2553655803203583,3
183,155,0.00313379755243659,4
184,34,0.6504133343696594,1
184,52,0.3457687199115753,2
185,60,0.7487233281135559,1
185,21,0.17105872929096222,2
185,45,0.07602931559085846,3
186,60,0.40887823700904846,1
186,116,0.37855949997901917,2
186,100,0.17175869643688202,3
186,16,0.03537476807832718,4
189,146,0.5916423797607422,1
189,60,0.4042591154575348,2
191,133,0.9960594177246094,1
192,16,0.48649078607559204,1
192,144,0.4608640670776367,2
192,132,0.03850182518362999,3
193,21,0.34561723470687866,1
193,60,0.32848060131073,2
193,107,0.22849462926387787,3
193,137,0.0885581523180008,4
193,16,0.005737170577049255,5
194,54,0.9844732880592346,1
194,175,0.011422945186495781,2
195,116,0.8193166851997375,1
195,54,0.13162405788898468,2
195,152,0.03821777552366257,3
195,142,0.008494015783071518,4
197,54,0.8772177696228027,1
197,45,0.07220113277435303,2
197,155,0.03334483131766319,3
197,43,0.011226116679608822,4
199,152,0.8814478516578674,1
199,21,0.08403046429157257,2
199,116,0.025211356580257416,3
200,45,0.676659345626831,1
200,21,0.27070653438568115,2
200,54,0.02088102698326111,3
200,174,0.01566452719271183,4
200,98,0.010443957522511482,5
201,60,0.41389545798301697,1
201,100,0.20314136147499084,2
201,21,0.19135093688964844,3
201,45,0.1444801539182663,4
201,112,0.04297280311584473,5
202,60,0.39422452449798584,1
202,47,0.3625280559062958,2
202,65,0.21118761599063873,3
202,36,0.024654600769281387,4
202,50,0.0035463834647089243,5
203,142,0.5535818338394165,1
203,54,0.3919681906700134,2
203,16,0.024537235498428345,3
203,50,0.01963287964463234,4
203,167,0.004915453959256411,5
205,60,0.3448294699192047,1
205,16,0.32268133759498596,2
205,159,0.24991664290428162,3
205,50,0.06961610168218613,4
205,47,0.006340862717479467,5
205,65,0.0031771960202604532,6
206,144,0.42650601267814636,1
206,98,0.4198422431945801,2
206,89,0.0933225080370903,3
206,54,0.05668186768889427,4
209,91,0.6759523749351501,1
209,175,0.17877095937728882,2
209,18,0.11397340893745422,3
209,164,0.015553727746009827,4
209,106,0.010371522046625614,5
209,160,0.002598688006401062,6
211,49,0.9906006455421448,1
212,69,0.5992875099182129,1
212,164,0.3480655550956726,2
212,162,0.04711337760090828,3
212,4,0.002631391631439328,4
213,50,0.48731210827827454,1
213,75,0.2784649431705475,2
213,52,0.23113977909088135,3
215,168,0.321439266204834,1
215,28,0.2893233299255371,2
215,69,0.28927916288375854,3
215,164,0.06443427503108978,4
217,4,0.4770616292953491,1
217,12,0.382392942905426,2
217,199,0.10980743914842606,3
217,175,0.026610340923070908,4
222,45,0.5611115097999573,1
222,43,0.22365537285804749,2
222,21,0.1753855049610138,3
222,54,0.021969374269247055,4
222,99,0.01317046582698822,5
223,50,0.4469124674797058,1
223,75,0.3146008253097534,2
223,52,0.21759094297885895,3
223,136,0.017659474164247513,4
224,168,0.39127323031425476,1
224,69,0.21347811818122864,2
224,16,0.10696469992399216,3
224,181,0.10679429024457932,4
224,60,0.0714719146490097,5
224,73,0.0711892768740654,6
225,174,0.9473181962966919,1
225,52,0.04446782171726227,2
226,16,0.37863680720329285,1
226,12,0.3786068856716156,2
226,75,0.13631504774093628,3
226,144,0.10224787890911102,4
227,174,0.8840444087982178,1
227,50,0.04396693781018257,2
227,52,0.032992471009492874,3
227,60,0.027510210871696472,4
227,144,0.005526714958250523,5
228,135,0.787180483341217,1
228,174,0.18135537207126617,2
228,28,0.02656090073287487,3
229,174,0.4837988317012787,1
229,50,0.4411067068576813,2
229,52,0.067616306245327,3
229,146,0.0035667172633111477,4
231,60,0.47661662101745605,1
231,22,0.4627036154270172,2
231,45,0.018532849848270416,3
231,116,0.018523195758461952,4
231,98,0.009284206666052341,5
231,105,0.009272513911128044,6
233,174,0.8976120352745056,1
233,16,0.07811497151851654,2
233,50,0.007864207029342651,3
233,62,0.00783683080226183,4
234,98,0.7436690926551819,1
234,144,0.127849742770195,2
234,100,0.08732014149427414,3
234,112,0.03489578887820244,4
240,140,0.49771735072135925,1
240,174,0.4161476194858551,2
240,16,0.04083062708377838,3
240,110,0.04081305116415024,4
241,107,0.5695232152938843,1
241,137,0.17799367010593414,2
241,60,0.17503832280635834,3
241,140,0.03560856729745865,4
241,21,0.0237607229501009,5
241,28,0.008916999213397503,6
241,174,0.002994706854224205,7
241,135,0.0029776617884635925,8
244,156,0.3066975474357605,1
244,164,0.23267650604248047,2
244,121,0.1322200447320938,3
244,20,0.12163909524679184,4
244,175,0.10589920729398727,5
244,127,0.04761536419391632,6
244,183,0.03179049864411354,7
244,165,0.0159367136657238,8
245,110,0.9398796558380127,1
245,98,0.02965017594397068,2
245,16,0.022265832871198654,3
252,137,0.7160868048667908,1
252,142,0.12455559521913528,2
252,173,0.09403965622186661,3
252,7,0.03140217065811157,4
254,43,0.9966791868209839,1
255,98,0.7047417759895325,1
255,152,0.2766839265823364,2
255,49,0.015683185309171677,3
256,174,0.6664082407951355,1
256,152,0.32980653643608093,2
257,174,0.33963456749916077,1
257,194,0.31078705191612244,2
257,98,0.29477158188819885,3
257,195,0.05127828195691109,4
259,1,0.6107080578804016,1
259,17,0.26471081376075745,2
259,75,0.06115968897938728,3
259,103,0.02053103968501091,4
259,142,0.020390896126627922,5
262,195,0.9028850197792053,1
262,100,0.08902847766876221,2
263,174,0.9697580337524414,1
263,100,0.019686874002218246,2
265,152,0.5455889105796814,1
265,174,0.285576194524765,2
265,116,0.0968925952911377,3
265,21,0.0255466066300869,4
265,98,0.02552705630660057,5
265,110,0.015318730846047401,6
266,98,0.9899022579193115,1
266,133,0.004782042000442743,2
269,195,0.5296469926834106,1
269,16,0.4527803659439087,2
269,174,0.012854487635195255,3
270,174,0.7403923273086548,1
270,110,0.2444104552268982,2
270,60,0.007262291386723518,3
274,89,0.5591935515403748,1
274,54,0.3214562237262726,2
274,24,0.11450965702533722,3
277,110,0.9767091870307922,1
277,175,0.015123920515179634,2
278,195,0.9660447835922241,1
278,100,0.030289888381958008,2
280,189,0.9972454905509949,1
281,166,0.9439151287078857,1
281,57,0.02776966616511345,2
281,134,0.023145286366343498,3
282,156,0.8576773405075073,1
282,15,0.11255752295255661,2
282,91,0.0141212847083807,3
287,174,0.5825390219688416,1
287,182,0.4008139371871948,2
287,19,0.010723041370511055,3
288,195,0.35211998224258423,1
288,182,0.2805004417896271,2
288,169,0.20589372515678406,3
288,173,0.10450126230716705,4
288,174,0.03583581745624542,5
288,135,0.017915084958076477,6
289,190,0.7762192487716675,1
289,189,0.19891223311424255,2
289,151,0.009741236455738544,3
289,100,0.004998223856091499,4
289,130,0.004875305108726025,5
291,98,0.9632402062416077,1
291,195,0.0268032755702734,2
296,45,0.8513967394828796,1
296,152,0.12017913907766342,2
296,75,0.015352189540863037,3
296,60,0.010253386572003365,4
302,164,0.6872544288635254,1
302,183,0.1815154105424881,2
302,177,0.05358629673719406,3
302,6,0.02678673341870308,4
302,78,0.023884128779172897,5
302,30,0.020842572674155235,6
302,1,0.0029843070078641176,7
308,172,0.7508056163787842,1
308,177,0.11264310032129288,2
308,183,0.07905599474906921,3
308,165,0.029664576053619385,4
308,26,0.015810471028089523,5
308,175,0.007959536276757717,6
309,182,0.7677503824234009,1
309,174,0.18629854917526245,2
309,7,0.01821165159344673,3
309,173,0.009182567708194256,4
309,195,0.009110176004469395,5
309,156,0.004566507413983345,6
314,195,0.8984894752502441,1
314,14,0.09347490966320038,2
316,152,0.45643380284309387,1
316,45,0.21002383530139923,2
316,195,0.16802193224430084,3
316,3,0.16243496537208557,4
327,109,0.6034944653511047,1
327,133,0.16900070011615753,2
327,75,0.11589273065328598,3
327,23,0.0869327113032341,4
327,25,0.0193183571100235,5
338,137,0.9118226170539856,1
338,135,0.07931484282016754,2
343,137,0.5132849812507629,1
343,28,0.4785510301589966,2
343,156,0.0038792272098362446,3
344,147,0.4194203019142151,1
344,78,0.22597986459732056,2
344,31,0.20294544100761414,3
344,24,0.13801173865795135,4
344,183,0.008134561590850353,5
344,8,0.002712636487558484,6
345,36,0.8644558191299438,1
345,153,0.05789947882294655,2
345,53,0.03481733426451683,3
345,78,0.0232631154358387,4
345,175,0.011687438003718853,5
345,55,0.0038843792863190174,6
346,78,0.5731478929519653,1
346,32,0.2981136441230774,2
346,19,0.0616932213306427,3
346,183,0.03344007954001427,4
346,41,0.025709588080644608,5
346,47,0.0051513249054551125,6
347,30,0.8434023857116699,1
347,111,0.15114809572696686,2
349,122,0.7144287824630737,1
349,100,0.2750512957572937,2
349,140,0.005151666235178709,3
349,175,0.0026432075537741184,4
350,127,0.5046026110649109,1
350,78,0.40886783599853516,2
350,44,0.07666555792093277,3
350,172,0.006400098092854023,4
351,181,0.8106909394264221,1
351,177,0.13832776248455048,2
351,44,0.018891436979174614,3
351,130,0.018883736804127693,4
351,48,0.006306278984993696,5
352,137,0.5400877594947815,1
352,105,0.4441768527030945,2
352,126,0.010125028900802135,3
354,161,0.4668276906013489,1
354,133,0.4244753122329712,2
354,111,0.0849756971001625,3
356,41,0.642848789691925,1
356,19,0.2490486055612564,2
356,175,0.07241625338792801,3
356,78,0.03438492864370346,4
358,105,0.9831058382987976,1
358,28,0.008217699825763702,2
358,137,0.004123754799365997,3
359,31,0.3664148151874542,1
359,78,0.31411483883857727,2
359,100,0.27747756242752075,3
359,194,0.040140166878700256,4
360,101,0.9717051982879639,1
360,30,0.024399470537900925,2
361,7,0.38153165578842163,1
361,65,0.38118889927864075,2
361,3,0.1531139761209488,3
361,100,0.0023061390966176987,4
361,175,0.0021744610276073217,5
361,78,0.002143002348020673,6
364,3,0.9528337121009827,1
364,72,0.04316776245832443,2
366,150,0.8425272703170776,1
366,6,0.09789921343326569,2
366,177,0.035324785858392715,3
366,54,0.020881472155451775,4
367,44,0.9375203251838684,1
367,22,0.04905112460255623,2
367,100,0.0057161166332662106,3
367,136,0.0037849112413823605,4
368,17,0.27758750319480896,1
368,194,0.2714235782623291,2
368,38,0.17274931073188782,3
368,115,0.12955425679683685,4
368,71,0.123378224670887,5
368,100,0.012522641569375992,6
368,11,0.006196613423526287,7
371,31,0.7406652569770813,1
371,78,0.2441975176334381,2
371,136,0.009556974284350872,3
371,188,0.004098050761967897,4
372,109,0.5146761536598206,1
372,173,0.4331444501876831,2
372,184,0.04219323396682739,3
372,151,0.008448467589914799,4
374,181,0.37714871764183044,1
374,165,0.16977491974830627,2
374,177,0.15562213957309723,3
374,172,0.12258637696504593,4
374,1,0.08015480637550354,5
374,194,0.028310542926192284,6
374,19,0.023601675406098366,7
374,121,0.023601587861776352,8
374,38,0.009463939815759659,9
374,54,0.004769934341311455,10
375,154,0.7840690612792969,1
375,108,0.1641755998134613,2
375,100,0.04907836392521858,3
379,134,0.801629900932312,1
379,178,0.179998517036438,2
380,167,0.6109026074409485,1
380,127,0.2693634033203125,2
380,174,0.08888385444879532,3
380,126,0.027784688398241997,4
387,24,0.9637137055397034,1
387,182,0.03341741859912872,2
389,150,0.8601652979850769,1
389,165,0.11212742328643799,2
389,177,0.025191398337483406,3
390,102,0.9032361507415771,1
390,82,0.08274772018194199,2
390,147,0.010057365521788597,3
390,17,0.002323681488633156,4
391,87,0.5848230719566345,1
391,82,0.25927990674972534,2
391,72,0.08067960292100906,3
391,173,0.03751160576939583,4
391,61,0.03457796201109886,5
394,37,0.6848239302635193,1
394,173,0.1706022024154663,2
394,55,0.07873082160949707,3
394,100,0.04206003621220589,4
394,185,0.013136115856468678,5
394,7,0.007894719019532204,6
396,122,0.9400126934051514,1
396,72,0.04966822266578674,2
396,173,0.006690347101539373,3
397,135,0.7173829674720764,1
397,173,0.26914605498313904,2
397,149,0.006545549724251032,3
398,5,0.9961816668510437,1
400,128,0.49666544795036316,1
400,78,0.3025716543197632,2
400,112,0.17149600386619568,3
400,60,0.014576892368495464,4
400,151,0.008101788349449635,5
400,8,0.004861427936702967,6
401,136,0.8166753649711609,1
401,173,0.0807042047381401,2
401,5,0.07526609301567078,3
401,40,0.021529385820031166,4
402,14,0.8029791712760925,1
402,37,0.07779373228549957,2
402,185,0.05949406698346138,3
402,78,0.045817505568265915,4
402,173,0.006911799311637878,5
402,100,0.0046445750631392,6
403,112,0.7979559898376465,1
403,78,0.15458719432353973,2
403,127,0.022086091339588165,3
403,38,0.01262767892330885,4
403,100,0.007932581938803196,5
404,173,0.49989068508148193,1
404,57,0.3366290330886841,2
404,136,0.08162246644496918,3
404,184,0.04591559246182442,4
404,165,0.012786844745278358,5
404,78,0.010272487998008728,6
404,72,0.010216504335403442,7
406,173,0.5644558668136597,1
406,185,0.40955930948257446,2
406,151,0.024104734882712364,3
409,88,0.8522356152534485,1
409,54,0.13523457944393158,2
409,194,0.006157130002975464,3
409,78,0.004154919181019068,4
411,137,0.7638428211212158,1
411,151,0.11490340530872345,2
411,160,0.11487745493650436,3
413,65,0.9350746870040894,1
413,21,0.04004218801856041,2
413,185,0.008044114336371422,3
413,36,0.008032329380512238,4
414,173,0.5396171808242798,1
414,107,0.36447179317474365,2
414,185,0.09367518872022629,3
415,137,0.8216153979301453,1
415,168,0.08048965036869049,2
415,151,0.04661847651004791,3
415,136,0.04237731918692589,4
415,100,0.004363202024251223,5
416,113,0.5711824297904968,1
416,78,0.25355562567710876,2
416,5,0.10355664044618607,3
416,24,0.03215809538960457,4
416,87,0.028589371591806412,5
416,61,0.0071502672508358955,6
417,72,0.469975084066391,1
417,24,0.3010030686855316,2
417,113,0.12145920097827911,3
417,78,0.10565944761037827,4
418,131,0.8112965226173401,1
418,122,0.1361943781375885,2
418,173,0.023241622373461723,3
418,72,0.01450527273118496,4
418,136,0.011608690954744816,5
419,111,0.9844465851783752,1
419,30,0.007565319538116455,2
419,71,0.003783502383157611,3
420,140,0.9077653288841248,1
420,178,0.08491580933332443,2
421,111,0.7069970369338989,1
421,72,0.2897651195526123,2
422,61,0.9751437902450562,1
422,72,0.021807577461004257,2
423,101,0.7033492922782898,1
423,5,0.27972525358200073,2
423,110,0.01235741376876831,3
425,136,0.7401483654975891,1
425,29,0.1367456316947937,2
425,101,0.08015989512205124,3
425,100,0.014285101555287838,4
425,137,0.0141740832477808,5
425,32,0.009449444711208344,6
426,8,0.9726324677467346,1
426,14,0.017568064853549004,2
427,173,0.49019142985343933,1
427,185,0.3773503601551056,2
427,10,0.11282219737768173,3
427,79,0.017509963363409042,4
429,191,0.9684190154075623,1
429,100,0.020196158438920975,2
429,151,0.008963746018707752,3
431,14,0.6375438570976257,1
431,173,0.14815768599510193,2
431,7,0.13988041877746582,3
431,37,0.05760681629180908,4
431,153,0.012353147380053997,5
432,161,0.46550124883651733,1
432,166,0.4455646276473999,2
432,15,0.066513292491436,3
432,100,0.015583757311105728,4
432,115,0.0022264705039560795,5
432,124,0.002225958276540041,6
433,171,0.7462667226791382,1
433,177,0.11490944027900696,2
433,183,0.046052560210227966,3
433,38,0.04599614068865776,4
433,175,0.03475958853960037,5
434,40,0.8681603670120239,1
434,137,0.08583688735961914,2
434,105,0.04039831832051277,3
435,78,0.384506493806839,1
435,72,0.2460235357284546,2
435,5,0.19479048252105713,3
435,149,0.13848289847373962,4
435,122,0.030772313475608826,5
436,154,0.8721172213554382,1
436,80,0.0424504391849041,2
436,78,0.018989132717251778,3
436,177,0.018912488594651222,4
436,175,0.014276953414082527,5
436,89,0.014183559454977512,6
436,101,0.014162128791213036,7
437,14,0.9970830082893372,1
438,131,0.7525730133056641,1
438,46,0.08423081785440445,2
438,191,0.0824122279882431,3
438,7,0.02931343764066696,4
438,100,0.02752150595188141,5
438,38,0.012831360101699829,6
438,151,0.005507762543857098,7
438,165,0.0036879335530102253,8
439,14,0.7030717730522156,1
439,185,0.20789684355258942,2
439,72,0.08643709868192673,3
441,82,0.617657482624054,1
441,33,0.3383658230304718,2
441,177,0.031230265274643898,3
441,165,0.006762207951396704,4
441,100,0.0042444984428584576,5
442,42,0.891793429851532,1
442,37,0.04104046896100044,2
442,55,0.019157445058226585,3
442,191,0.017791209742426872,4
442,48,0.017785532400012016,5
442,194,0.005478477105498314,6
442,173,0.0027646906673908234,7
442,89,0.0027474460657685995,8
445,151,0.6204648017883301,1
445,175,0.32911062240600586,2
445,165,0.043913621455430984,3
445,152,0.003150705713778734,4
446,6,0.39698171615600586,1
446,168,0.3561440408229828,2
446,89,0.16011139750480652,3
446,175,0.08499612659215927,4
447,40,0.7993844747543335,1
447,173,0.18063321709632874,2
447,7,0.0129499277099967,3
448,1,0.8366028666496277,1
448,42,0.12209203094244003,2
448,173,0.02336246520280838,3
448,140,0.011646303348243237,4
449,155,0.752885103225708,1
449,113,0.2181437611579895,2
449,29,0.021161364391446114,3
450,181,0.5477546453475952,1
450,78,0.25708356499671936,2
450,24,0.19323331117630005,3
453,80,0.8933707475662231,1
453,108,0.032968852669000626,2
453,48,0.02930309623479843,3
453,44,0.021990258246660233,4
453,35,0.010996328666806221,5
453,100,0.0074334111995995045,6
454,93,0.8660812377929688,1
454,82,0.1255113035440445,2
454,38,0.0027789275627583265,3
454,100,0.002101252321153879,4
454,127,0.0020840156357735395,5
455,87,0.7203417420387268,1
455,186,0.12348978221416473,2
455,78,0.07652442902326584,3
455,151,0.07646507769823074,4
456,40,0.9954814910888672,1
457,3,0.5916575193405151,1
457,78,0.1373153179883957,2
457,100,0.12516914308071136,3
457,179,0.08990423381328583,4
457,15,0.02187512442469597,5
457,44,0.017015770077705383,6
457,48,0.01579766720533371,7
458,55,0.9919365644454956,1
461,191,0.8850745558738708,1
461,137,0.0669180303812027,2
461,42,0.02105698361992836,3
461,38,0.011483930051326752,4
461,135,0.009565250016748905,5
461,168,0.003834416624158621,6
463,158,0.5753492116928101,1
463,24,0.24834246933460236,2
463,13,0.12114238739013672,3
463,189,0.048455990850925446,4
465,153,0.8186079263687134,1
465,89,0.07446369528770447,2
465,78,0.04267369583249092,3
465,82,0.026595793664455414,4
465,124,0.015968844294548035,5
465,128,0.010647157207131386,6
465,175,0.005467261653393507,7
466,155,0.9903378486633301,1
468,158,0.7850213050842285,1
468,24,0.1813669204711914,2
471,104,0.7588900923728943,1
471,173,0.09690546989440918,2
471,55,0.058383919298648834,3
471,37,0.050930820405483246,4
471,120,0.0198744498193264,5
471,69,0.013668376952409744,6
472,182,0.6280934810638428,1
472,103,0.173883318901062,2
472,78,0.11741968244314194,3
472,37,0.023919090628623962,4
472,48,0.019567381590604782,5
472,123,0.017397623509168625,6
472,100,0.015278942883014679,7
472,74,0.0021830822806805372,8
475,30,0.42750754952430725,1
475,177,0.38521692156791687,2
475,184,0.12469664961099625,3
475,38,0.05568022280931473,4
475,114,0.004466929938644171,5
480,149,0.5035630464553833,1
480,78,0.4742475152015686,2
480,112,0.0122371269389987,3
480,165,0.004922868218272924,4
480,44,0.002459287643432617,5
481,113,0.8592336773872375,1
481,66,0.06972812116146088,2
481,185,0.03490773215889931,3
481,7,0.023324497044086456,4
487,162,0.8166585564613342,1
487,70,0.09134243428707123,2
487,94,0.08597900718450546,3
489,17,0.670861542224884,1
489,7,0.3012338876724243,2
489,108,0.013712188228964806,3
489,127,0.004588260315358639,4
489,62,0.0045823389664292336,5
490,70,0.9719155430793762,1
494,153,0.3996908366680145,1
494,173,0.23864968121051788,2
494,131,0.1353813260793686,3
494,165,0.09033861011266708,4
494,122,0.070938341319561,5
494,17,0.058047518134117126,6
496,155,0.9913105368614197,1
497,167,0.8229923248291016,1
497,126,0.09331357479095459,2
497,173,0.0267263725399971,3
497,175,0.016754651442170143,4
497,157,0.01666422188282013,5
497,78,0.013421369716525078,6
497,146,0.006672828923910856,7
500,158,0.8236536383628845,1
500,24,0.16207827627658844,2
500,59,0.00679042050614953,3
501,70,0.9076563715934753,1
501,54,0.0773039236664772,2
501,29,0.009692687541246414,3
502,103,0.994487464427948,1
506,74,0.9453524947166443,1
506,44,0.04436054080724716,2
506,100,0.0076416912488639355,3
508,133,0.7778925895690918,1
508,78,0.121518075466156,2
508,165,0.09287256747484207,3
509,54,0.4597160816192627,1
509,23,0.4574720561504364,2
509,177,0.05135107785463333,3
509,147,0.011169712990522385,4
509,78,0.00898879487067461,5
509,175,0.006758213043212891,6
509,150,0.002237506676465273,7
510,171,0.623156726360321,1
510,136,0.21807773411273956,2
510,100,0.09431765973567963,3
510,44,0.03131697699427605,4
511,35,0.8945236802101135,1
511,55,0.0941828191280365,2
511,34,0.007258255034685135,3
512,120,0.4440138041973114,1
512,173,0.24140681326389313,2
512,104,0.08194178342819214,3
512,123,0.06865595281124115,4
512,11,0.05093920975923538,5
512,44,0.040975529700517654,6
512,114,0.018830351531505585,7
512,15,0.01883014291524887,8
512,177,0.015514821745455265,9
512,175,0.008889707736670971,10
513,20,0.4153355062007904,1
513,91,0.41530826687812805,2
513,175,0.13918542861938477,3
517,77,0.7684195637702942,1
517,124,0.06130340322852135,2
517,175,0.0567040853202343,3
517,151,0.05189284309744835,4
517,32,0.03302007541060448,5
517,165,0.009494652040302753,6
517,147,0.00945401843637228,7
517,179,0.00472699198871851,8
519,59,0.7231398224830627,1
519,78,0.2553050220012665,2
519,127,0.018246429041028023,3
520,13,0.6428189873695374,1
520,173,0.33501797914505005,2
520,124,0.016227617859840393,3
524,90,0.6196063756942749,1
524,164,0.09996449947357178,2
524,175,0.09008490294218063,3
524,173,0.07006174325942993,4
524,191,0.055002983659505844,5
524,121,0.045003943145275116,6
524,35,0.015007413923740387,7
525,122,0.7567300200462341,1
525,194,0.24068185687065125,2
527,89,0.5725010633468628,1
527,175,0.34943532943725586,2
527,173,0.02921161614358425,3
527,78,0.019541868939995766,4
527,72,0.019435370340943336,5
527,5,0.004895768593996763,6
528,126,0.9200889468193054,1
528,78,0.06763426959514618,2
529,155,0.9386709332466125,1
529,30,0.04310557246208191,2
529,45,0.008658302947878838,3
535,178,0.8171165585517883,1
535,173,0.14366240799427032,2
535,175,0.016720443964004517,3
535,89,0.016611065715551376,4
536,29,0.9288153648376465,1
536,155,0.03126825392246246,2
536,72,0.03126692771911621,3
539,37,0.5561031699180603,1
539,108,0.35778892040252686,2
539,55,0.05112472176551819,3
539,100,0.03277314081788063,4
542,164,0.5662945508956909,1
542,175,0.2166706919670105,2
542,19,0.13882644474506378,3
542,4,0.0722014382481575,4
543,128,0.8579736351966858,1
543,78,0.09339864552021027,2
543,58,0.02327544055879116,3
544,126,0.6559048295021057,1
544,55,0.09461956471204758,2
544,14,0.08200152963399887,3
544,173,0.059979937970638275,4
544,15,0.056778375059366226,5
544,130,0.047315023839473724,6
546,76,0.9576735496520996,1
546,173,0.016687612980604172,2
546,103,0.016582874581217766,3
552,61,0.9016506671905518,1
552,13,0.09190946817398071,2
553,24,0.8596599698066711,1
553,183,0.09999880939722061,2
553,113,0.026669997721910477,3
553,165,0.010042652487754822,4
554,29,0.8326714038848877,1
554,158,0.11327971518039703,2
554,76,0.04663652554154396,3
556,194,0.6078006625175476,1
556,183,0.26228028535842896,2
556,173,0.07102537900209427,3
556,181,0.02160857431590557,4
556,104,0.021608570590615273,5
556,195,0.006187080405652523,6
556,156,0.006186492275446653,7
560,77,0.4383087456226349,1
560,29,0.39736315608024597,2
560,173,0.1598394215106964,3
563,19,0.9512633085250854,1
563,77,0.02739795297384262,2
563,29,0.013738812878727913,3
565,54,0.9921988844871521,1
571,177,0.9831157922744751,1
573,24,0.9948416948318481,1
574,24,0.7301936745643616,1
574,123,0.2658546268939972,2
577,14,0.776673436164856,1
577,173,0.18117797374725342,2
577,177,0.038351744413375854,3
579,48,0.893367350101471,1
579,53,0.05951489135622978,2
579,179,0.010557940229773521,3
579,160,0.008639460429549217,4
579,175,0.007703990209847689,5
579,173,0.006737503223121166,6
579,38,0.006724286824464798,7
579,74,0.0028830403462052345,8
580,33,0.787423312664032,1
580,82,0.16776980459690094,2
580,177,0.017604351043701172,3
580,32,0.010829641483724117,4
580,38,0.009480856359004974,5
580,168,0.00541975162923336,6
581,125,0.8502262234687805,1
581,183,0.1323418915271759,2
581,78,0.014770190231502056,3
583,125,0.9501611590385437,1
583,78,0.02745687961578369,2
583,182,0.016401968896389008,3
584,125,0.9247897863388062,1
584,78,0.054831311106681824,2
584,54,0.010002757422626019,3
584,183,0.005034026689827442,4
587,157,0.7866356372833252,1
587,121,0.09403214603662491,2
587,175,0.0842461884021759,3
587,78,0.02487594075500965,4
587,62,0.004967736080288887,5
591,146,0.45575737953186035,1
591,177,0.21879568696022034,2
591,37,0.14585751295089722,3
591,108,0.136739119887352,4
591,55,0.039518170058727264,5
592,184,0.821181058883667,1
592,7,0.08472900092601776,2
592,29,0.042391419410705566,3
592,157,0.04233873263001442,4
593,71,0.3823915719985962,1
593,175,0.31923961639404297,2
593,89,0.2649840712547302,3
593,13,0.030121028423309326,4
594,13,0.7481709718704224,1
594,173,0.21921494603157043,2
594,78,0.01618211902678013,3
594,7,0.01073541771620512,4
595,54,0.9527953267097473,1
595,13,0.04144418612122536,2
596,124,0.5091267824172974,1
596,71,0.36321884393692017,2
596,77,0.08072438091039658,3
596,23,0.01864546164870262,4
596,32,0.012431363575160503,5
596,151,0.006233369931578636,6
596,38,0.0062322053126990795,7
598,89,0.5590937733650208,1
598,175,0.35635045170783997,2
598,79,0.07422197610139847,3
598,135,0.004966419190168381,4
601,77,0.49104592204093933,1
601,182,0.478009968996048,2
601,185,0.008719250559806824,3
601,101,0.008709006011486053,4
601,26,0.008700048550963402,5
602,89,0.5341706871986389,1
602,175,0.30360147356987,2
602,7,0.06477969139814377,3
602,160,0.0485716238617897,4
602,10,0.020253023132681847,5
602,57,0.01619325578212738,6
602,184,0.008112420327961445,7
603,167,0.9939822554588318,1
603,175,0.002912671770900488,2
604,76,0.9202871918678284,1
604,173,0.062115058302879333,2
604,100,0.006997852120548487,3
604,7,0.006924180779606104,4
605,124,0.7183787822723389,1
605,78,0.20915867388248444,2
605,72,0.06534504145383835,3
606,23,0.46694204211235046,1
606,165,0.21248513460159302,2
606,195,0.12742651998996735,3
606,20,0.08498925715684891,4
606,24,0.04261541739106178,5
606,112,0.042576372623443604,6
607,135,0.8181008100509644,1
607,10,0.11016497761011124,2
607,175,0.023822743445634842,3
607,89,0.023666905239224434,4
607,7,0.01580214686691761,5
608,111,0.44379860162734985,1
608,78,0.2629721462726593,2
608,24,0.18590372800827026,3
608,104,0.0569457933306694,4
608,160,0.031824689358472824,5
608,10,0.008381945081055164,6
608,92,0.006708260625600815,7
609,114,0.9442958235740662,1
609,100,0.03233349323272705,2
609,101,0.019382042810320854,3
609,177,0.0025988921988755465,4
611,140,0.5491156578063965,1
611,89,0.3356155753135681,2
611,14,0.0686732605099678,3
611,175,0.03834826871752739,4
614,29,0.9695047736167908,1
614,96,0.02223409339785576,2
615,32,0.45163553953170776,1
615,35,0.2566128373146057,2
615,29,0.24841012060642242,3
615,55,0.04107039049267769,4
616,113,0.9431647062301636,1
616,100,0.05069531872868538,2
617,77,0.6177772879600525,1
617,29,0.28562405705451965,2
617,173,0.09009246528148651,3
617,7,0.0031319856643676758,4
618,29,0.9905918836593628,1
621,8,0.5260624885559082,1
621,10,0.23876291513442993,2
621,165,0.2307063192129135,3
622,128,0.46438825130462646,1
622,78,0.24542924761772156,2
622,139,0.18458132445812225,3
622,60,0.10344240814447403,4
623,40,0.9195653796195984,1
623,173,0.07369253039360046,2
624,148,0.971737802028656,1
624,7,0.02383270487189293,2
626,139,0.6235716938972473,1
626,155,0.13857609033584595,2
626,61,0.0956788957118988,3
626,24,0.06930527091026306,4
626,177,0.04622422531247139,5
626,19,0.016516385599970818,6
626,78,0.0066906763240695,7
628,120,0.7563478350639343,1
628,74,0.1299593597650528,2
628,33,0.10664425790309906,3
628,30,0.003351169405505061,4
632,136,0.49818405508995056,1
632,79,0.4981706440448761,2
634,46,0.9596717953681946,1
634,55,0.01595420204102993,2
634,11,0.015946609899401665,3
634,171,0.004065767861902714,4
637,114,0.9408019781112671,1
637,100,0.03276493027806282,2
637,160,0.022877415642142296,3
638,179,0.8086118698120117,1
638,78,0.1668238639831543,2
638,104,0.008162197656929493,3
638,147,0.007257056888192892,4
638,175,0.0036519295535981655,5
638,11,0.002723750891163945,6
640,27,0.9914056062698364,1
641,91,0.3608105480670929,1
641,77,0.2122630625963211,2
641,113,0.12740564346313477,3
641,27,0.1061234101653099,4
641,181,0.08495838195085526,5
641,100,0.06429829448461533,6
641,95,0.021321069449186325,7
642,11,0.2524421215057373,1
642,10,0.16465884447097778,2
642,168,0.1536940336227417,3
642,175,0.14296911656856537,4
642,1,0.14268997311592102,5
642,66,0.07687583565711975,6
642,62,0.04393932968378067,7
642,78,0.011282258667051792,8
643,29,0.7213905453681946,1
643,158,0.2720211446285248,2
645,92,0.40588730573654175,1
645,20,0.35125240683555603,2
645,199,0.078072190284729,3
645,127,0.046870313584804535,4
645,111,0.04686524346470833,5
645,42,0.03133970871567726,6
645,177,0.023506702855229378,7
645,80,0.007843258790671825,8
646,124,0.8801037669181824,1
646,175,0.046698883175849915,2
646,89,0.028407884761691093,3
646,104,0.0182588379830122,4
646,122,0.016232185065746307,5
646,41,0.008120260201394558,6
647,124,0.46158912777900696,1
647,13,0.34561407566070557,2
647,78,0.1577908843755722,3
647,112,0.03016863577067852,4
647,128,0.0023265285417437553,5
650,10,0.4844873547554016,1
650,177,0.4691767394542694,2
650,89,0.02149072475731373,3
650,175,0.015418917872011662,4
650,183,0.006170838139951229,5
651,0,0.7353531122207642,1
651,173,0.1688881367444992,2
651,29,0.06444301456212997,3
651,101,0.015560425817966461,4
651,123,0.00889777485281229,5
651,69,0.004453836940228939,6
652,160,0.7709584832191467,1
652,78,0.2042287141084671,2
652,186,0.017605850473046303,3
652,151,0.005294481758028269,4
653,20,0.9078245162963867,1
653,19,0.06659944355487823,2
653,44,0.011757741682231426,3
653,147,0.011757057160139084,4
655,147,0.5888442993164062,1
655,183,0.3073464334011078,2
655,54,0.08974762260913849,3
656,127,0.42832088470458984,1
656,78,0.27342841029167175,2
656,183,0.26038938760757446,3
656,165,0.027357516810297966,4
656,153,0.005211890209466219,5
656,140,0.0026097975205630064,6
657,13,0.4631282091140747,1
657,89,0.20263411104679108,2
657,175,0.16928020119667053,3
657,173,0.15590496361255646,4
657,177,0.006706047337502241,5
659,173,0.9039440751075745,1
659,123,0.05650586262345314,2
659,101,0.02702879160642624,3
659,78,0.009894014336168766,4
660,59,0.9855347275733948,1
660,100,0.011380831710994244,2
662,139,0.7917744517326355,1
662,173,0.061497509479522705,2
662,178,0.05200081691145897,3
662,7,0.028381222859025,4
662,122,0.021280895918607712,5
662,175,0.01661090739071369,6
662,89,0.011837390251457691,7
662,33,0.007106525357812643,8
662,54,0.004754676483571529,9
662,25,0.0023666112683713436,10
665,90,0.9190298318862915,1
665,166,0.0370500274002552,2
665,165,0.01859072968363762,3
665,23,0.012374348007142544,4
665,162,0.006188675295561552,5
670,35,0.6282954216003418,1
670,173,0.1714261770248413,2
670,72,0.08212726563215256,3
670,10,0.03214631974697113,4
670,136,0.028581494465470314,5
670,55,0.021442141383886337,6
670,37,0.017869852483272552,7
670,7,0.0071713593788445,8
670,185,0.007162954658269882,9
672,8,0.37372177839279175,1
672,31,0.3026518225669861,2
672,78,0.22426389157772064,3
672,112,0.026964575052261353,4
672,0,0.023284733295440674,5
672,136,0.022063303738832474,6
672,38,0.017163438722491264,7
672,101,0.0036810257006436586,8
672,100,0.0024876915849745274,9
672,24,0.0024608829990029335,10
677,0,0.8172327280044556,1
677,173,0.11946417391300201,2
677,185,0.020484499633312225,3
677,175,0.015403701923787594,4
677,78,0.011990775354206562,5
677,7,0.00683963019400835,6
677,89,0.005133236758410931,7
679,25,0.8751651048660278,1
679,78,0.100968137383461,2
679,100,0.008348222821950912,3
679,59,0.008319223299622536,4
679,112,0.00475765485316515,5
680,173,0.6868252754211426,1
680,11,0.2943417727947235,2
680,175,0.0159853957593441,3
681,71,0.9128526449203491,1
681,151,0.06688855588436127,2
681,29,0.01673157513141632,3
691,186,0.8977295756340027,1
691,78,0.09877531230449677,2
693,186,0.9123984575271606,1
693,175,0.04470447823405266,2
693,78,0.03111482970416546,3
693,111,0.00971557479351759,4
695,15,0.8872824311256409,1
695,78,0.07805158197879791,2
695,183,0.015294063836336136,3
695,173,0.008865812793374062,4
695,130,0.004830505233258009,5
695,177,0.004031664226204157,6
696,24,0.7814002633094788,1
696,78,0.15458311140537262,2
696,113,0.0499909333884716,3
696,61,0.009099203161895275,4
697,172,0.6208121180534363,1
697,167,0.36104416847229004,2
697,177,0.0044550844468176365,3
697,38,0.004436126910150051,4
697,0,0.004417468793690205,5
698,178,0.813897430896759,1
698,165,0.1787492334842682,2
699,83,0.9318109750747681,1
699,78,0.06677735596895218,2
700,57,0.866974413394928,1
700,173,0.06807007640600204,2
700,15,0.023819653317332268,3
700,10,0.023816458880901337,4
700,181,0.013612941838800907,5
